ID,NAME
1,김형진
2,박민회
3,박민회
4,박민회
5,박민회
6,이원석
7,김형진
8,김형진
9,이원석
10,김형진
11,박민회
12,이원석
13,김형진
14,박민회
15,이원석
16,박민회
17,이원석
18,이원석
19,이원석
20,이원석
21,박민회
22,이원석
23,이원석
24,김형진
25,박민회
26,김형진
27,박민회
28,김형진
29,김형진
30,김형진
31,이원석
32,박민회
33,이원석
34,이원석
35,박민회
36,이원석
37,이원석
38,김형진
39,김형진
40,김형진
41,김형진
42,김형진
43,박민회
44,김형진
45,박민회
46,이원석
47,박민회
48,이원석
49,김형진
50,이원석
51,이원석
52,김형진
53,박민회
54,이원석
55,이원석
56,박민회
57,박민회
58,이원석
59,박민회
60,이원석
61,김형진
62,박민회
63,박민회
64,김형진
65,김형진
66,이원석
67,박민회
68,이원석
69,박민회
70,이원석
71,이원석
72,이원석
73,김형진
74,박민회
75,박민회
76,김형진
77,이원석
78,이원석
79,이원석
80,이원석
81,김형진
82,이원석
83,이원석
84,이원석
85,김형진
86,이원석
87,이원석
88,김형진
89,박민회
90,이원석
91,박민회
92,박민회
93,박민회
94,이원석
95,이원석
96,박민회
97,이원석
98,김형진
99,박민회
100,박민회
